{"name":"235cc20e-b417-4264-b49b-e75f5253e9d5","id":"/providers/Microsoft.Flow/flows/235cc20e-b417-4264-b49b-e75f5253e9d5","type":"Microsoft.Flow/flows","properties":{"apiId":"/providers/Microsoft.PowerApps/apis/shared_logicflows","displayName":"FileCreationWorkflow","definition":{"metadata":{"workflowEntityId":null,"processAdvisorMetadata":null,"flowclientsuspensionreason":"None","flowclientsuspensiontime":null,"creator":{"id":"ab755ff1-73ca-4f4f-9329-69cc85b7b961","type":"User","tenantId":"b4a9ab09-e77e-44b5-b4e2-254f9d9c6039"},"provisioningMethod":"FromDefinition","failureAlertSubscription":true,"clientLastModifiedTime":"2021-06-04T04:54:21.0046886Z"},"$schema":"https://schema.management.azure.com/providers/Microsoft.Logic/schemas/2016-06-01/workflowdefinition.json#","contentVersion":"1.0.0.0","parameters":{"$connections":{"defaultValue":{},"type":"Object"},"$authentication":{"defaultValue":{},"type":"SecureObject"}},"triggers":{"manual":{"type":"Request","kind":"PowerApp","inputs":{"schema":{"type":"object","properties":{"varFileData_Value":{"type":"string","description":"Enter initial value","x-ms-powerflows-param-ispartial":false}},"required":["varFileData_Value"]}}}},"actions":{"varFileData":{"runAfter":{},"type":"InitializeVariable","inputs":{"variables":[{"name":"FileData","type":"string","value":"@{triggerBody()['varFileData_Value']}"}]}},"varFileSchema":{"runAfter":{"varFileData":["Succeeded"]},"type":"InitializeVariable","inputs":{"variables":[{"name":"FileSchema","type":"string","value":"// Instance the tour\nvar tour = new Tour({\n    debug: true,\n    orphan: false,\n    backdrop: true,\n    smartPlacement: true,\n    storage: false,\n   steps: <ReplaceTag>\n});\ntour.restart();"}]}},"ReplacingSteps":{"runAfter":{"varFileSchema":["Succeeded"]},"type":"Compose","inputs":"@replace(variables('FileSchema'),'<ReplaceTag>',variables('FileData'))"},"ReplacingOrder":{"runAfter":{"ReplacingSteps":["Succeeded"]},"type":"Compose","inputs":"@replace(outputs('ReplacingSteps'),'\"Order\"','order')"},"ReplacingContent":{"runAfter":{"ReplacingOrder":["Succeeded"]},"type":"Compose","inputs":"@replace(outputs('ReplacingOrder'),'\"content\"','content')"},"ReplacingElement":{"runAfter":{"ReplacingContent":["Succeeded"]},"type":"Compose","inputs":"@replace(outputs('ReplacingContent'),'\"element\"','element')"},"ReplacingPlacement":{"runAfter":{"ReplacingElement":["Succeeded"]},"type":"Compose","inputs":"@replace(outputs('ReplacingElement'),'\"placement\"','placement')"},"ReplacingTitle":{"runAfter":{"ReplacingPlacement":["Succeeded"]},"type":"Compose","inputs":"@replace(outputs('ReplacingPlacement'),'\"title\"','title')"},"Create_file":{"runAfter":{"ReplacingTitle":["Succeeded"]},"type":"OpenApiConnection","inputs":{"host":{"apiId":"/providers/Microsoft.PowerApps/apis/shared_sharepointonline","connectionName":"shared_sharepointonline","operationId":"CreateFile"},"parameters":{"dataset":"https://m365x131504.sharepoint.com/sites/GuidedExperience","folderPath":"/Files","name":"app.js","body":"@outputs('ReplacingTitle')"},"authentication":{"value":"@json(decodeBase64(triggerOutputs().headers['X-MS-APIM-Tokens']))['$ConnectionKey']","type":"Raw"}},"runtimeConfiguration":{"contentTransfer":{"transferMode":"Chunked"}}},"Get_file_content":{"runAfter":{"Create_file":["Succeeded"]},"type":"OpenApiConnection","inputs":{"host":{"apiId":"/providers/Microsoft.PowerApps/apis/shared_sharepointonline","connectionName":"shared_sharepointonline","operationId":"GetFileContent"},"parameters":{"dataset":"https://m365x131504.sharepoint.com/sites/GuidedExperience","id":"@outputs('Create_file')?['body/Id']","inferContentType":false},"authentication":{"value":"@json(decodeBase64(triggerOutputs().headers['X-MS-APIM-Tokens']))['$ConnectionKey']","type":"Raw"}}},"Create_blob":{"runAfter":{"Get_file_content":["Succeeded"]},"type":"OpenApiConnection","inputs":{"host":{"apiId":"/providers/Microsoft.PowerApps/apis/shared_azureblob","connectionName":"shared_azureblob","operationId":"CreateFile"},"parameters":{"folderPath":"/guidedexperienceresources/BootstrapTour/app/","name":"@outputs('Create_file')?['body/Name']","body":"@outputs('Get_file_content')?['body']"},"authentication":{"value":"@json(decodeBase64(triggerOutputs().headers['X-MS-APIM-Tokens']))['$ConnectionKey']","type":"Raw"}},"runtimeConfiguration":{"contentTransfer":{"transferMode":"Chunked"}}},"Delete_file":{"runAfter":{"Create_blob":["Succeeded"]},"type":"OpenApiConnection","inputs":{"host":{"apiId":"/providers/Microsoft.PowerApps/apis/shared_sharepointonline","connectionName":"shared_sharepointonline","operationId":"DeleteFile"},"parameters":{"dataset":"https://m365x131504.sharepoint.com/sites/GuidedExperience","id":"@outputs('Create_file')?['body/Id']"},"authentication":{"value":"@json(decodeBase64(triggerOutputs().headers['X-MS-APIM-Tokens']))['$ConnectionKey']","type":"Raw"}}},"Send_an_email_(V2)":{"runAfter":{"Delete_file":["Succeeded"]},"type":"OpenApiConnection","inputs":{"host":{"apiId":"/providers/Microsoft.PowerApps/apis/shared_office365","connectionName":"shared_office365","operationId":"SendEmailV2"},"parameters":{"emailMessage/To":"admin@M365x131504.onmicrosoft.com","emailMessage/Subject":"File Path","emailMessage/Body":"<p>https://prgautteststorage.blob.core.windows.net@{outputs('Create_blob')?['body/Path']}<br>\n</p>"},"authentication":{"value":"@json(decodeBase64(triggerOutputs().headers['X-MS-APIM-Tokens']))['$ConnectionKey']","type":"Raw"}}},"Execute_a_SQL_query_(V2)":{"runAfter":{"Send_an_email_(V2)":["Succeeded"]},"type":"OpenApiConnection","inputs":{"host":{"apiId":"/providers/Microsoft.PowerApps/apis/shared_sql","connectionName":"shared_sql","operationId":"ExecutePassThroughNativeQuery_V2"},"parameters":{"server":"default","database":"default","query/query":"TRUNCATE TABLE [dbo].[GuidedExperienceData]"},"authentication":{"value":"@json(decodeBase64(triggerOutputs().headers['X-MS-APIM-Tokens']))['$ConnectionKey']","type":"Raw"}}}},"outputs":{},"description":"Create one or more actions to happen when a button or link in Power Apps is selected. To use this flow from a Power App, select the control you want to trigger the flow and go to the Action tab in the Power Apps ribbon and select Flows."},"connectionReferences":{"shared_sharepointonline":{"connectionName":"2e17fffea180466aa379aa054a27f9ca","source":"Invoker","id":"/providers/Microsoft.PowerApps/apis/shared_sharepointonline","tier":"NotSpecified"},"shared_azureblob":{"connectionName":"shared-azureblob-e3597160-6e3e-42ae-885c-44aa-e0ab79f4","source":"Invoker","id":"/providers/Microsoft.PowerApps/apis/shared_azureblob","tier":"NotSpecified"},"shared_office365":{"connectionName":"0e48d0fff6234adfbb8eb01d621e86f3","source":"Invoker","id":"/providers/Microsoft.PowerApps/apis/shared_office365","tier":"NotSpecified"},"shared_sql":{"connectionName":"822f901b3a224ce1b80fb4fcc1f63d3d","source":"Invoker","id":"/providers/Microsoft.PowerApps/apis/shared_sql","tier":"NotSpecified"}},"flowFailureAlertSubscribed":false}}